[
  {
    "предмет": "Введение в инженерную деятельность",
    "тип занятия": "Практика",
    "день": "понедельник",
    "преподаватели": [
      "Привалова Валентина Викторовна"
    ],
    "Место и время": "Мира, 19 / М242 08:30–10:00",
    "команда": "АТ-01"
  },
  {
    "предмет": "Введение в инженерную деятельность",
    "тип занятия": "Практика",
    "день": "понедельник",
    "преподаватели": [
      "Привалова Валентина Викторовна"
    ],
    "Место и время": "Мира, 19 / М242 10:15–11:45",
    "команда": "АТ-02"
  },
  {
    "предмет": "Введение в инженерную деятельность",
    "тип занятия": "Практика",
    "день": "понедельник",
    "преподаватели": [
      "Быкова Татьяна Михайловна"
    ],
    "Место и время": "Софьи Ковалевской, 5 / Т505 10:15–11:45",
    "команда": "АТ-25"
  },
  {
    "предмет": "Введение в инженерную деятельность",
    "тип занятия": "Практика",
    "день": "понедельник",
    "преподаватели": [
      "Привалова Валентина Викторовна"
    ],
    "Место и время": "Мира, 19 / М242 12:00–13:30",
    "команда": "АТ-03"
  },
  {
    "предмет": "Введение в инженерную деятельность",
    "тип занятия": "Практика",
    "день": "понедельник",
    "преподаватели": [
      "Горулева Лариса Сергеевна"
    ],
    "Место и время": "Мира, 19 / М242 14:15–15:45",
    "команда": "АТ-04"
  },
  {
    "предмет": "Введение в инженерную деятельность",
    "тип занятия": "Практика",
    "день": "понедельник",
    "преподаватели": [
      "Горулева Лариса Сергеевна"
    ],
    "Место и время": "Мира, 19 / М242 16:00–17:30",
    "команда": "АТ-05"
  },
  {
    "предмет": "Введение в инженерную деятельность",
    "тип занятия": "Практика",
    "день": "понедельник",
    "преподаватели": [
      "Горулева Лариса Сергеевна"
    ],
    "Место и время": "Мира, 19 / М242 17:40–19:10",
    "команда": "АТ-06"
  },
  {
    "предмет": "Введение в инженерную деятельность",
    "тип занятия": "Практика",
    "день": "вторник",
    "преподаватели": [
      "Чумакова Лариса Александровна"
    ],
    "Место и время": "Мира, 19 / М242 08:30–10:00",
    "команда": "АТ-07"
  },
  {
    "предмет": "Введение в инженерную деятельность",
    "тип занятия": "Практика",
    "день": "вторник",
    "преподаватели": [
      "Чумакова Лариса Александровна"
    ],
    "Место и время": "Мира, 19 / М242 10:15–11:45",
    "команда": "АТ-08"
  },
  {
    "предмет": "Введение в инженерную деятельность",
    "тип занятия": "Практика",
    "день": "вторник",
    "преподаватели": [
      "Быкова Татьяна Михайловна"
    ],
    "Место и время": "Софьи Ковалевской, 5 / Т505 10:15–11:45",
    "команда": "АТ-26"
  },
  {
    "предмет": "Введение в инженерную деятельность",
    "тип занятия": "Практика",
    "день": "вторник",
    "преподаватели": [
      "Чумакова Лариса Александровна"
    ],
    "Место и время": "Мира, 19 / М242 12:00–13:30",
    "команда": "АТ-09"
  },
  {
    "предмет": "Введение в инженерную деятельность",
    "тип занятия": "Практика",
    "день": "вторник",
    "преподаватели": [
      "Романовская Елена Мироновна"
    ],
    "Место и время": "Мира, 19 / М242 14:15–15:45",
    "команда": "АТ-10"
  },
  {
    "предмет": "Введение в инженерную деятельность",
    "тип занятия": "Практика",
    "день": "вторник",
    "преподаватели": [
      "Волкова Марина Владимировна"
    ],
    "Место и время": "Мира, 19 / М242 16:00–17:30",
    "команда": "АТ-11"
  },
  {
    "предмет": "Введение в инженерную деятельность",
    "тип занятия": "Практика",
    "день": "вторник",
    "преподаватели": [
      "Волкова Марина Владимировна"
    ],
    "Место и время": "Мира, 19 / М242 17:40–19:10",
    "команда": "АТ-12"
  },
  {
    "предмет": "Введение в инженерную деятельность",
    "тип занятия": "Практика",
    "день": "вторник",
    "преподаватели": [
      "Волкова Марина Владимировна"
    ],
    "Место и время": "Мира, 19 / М242 19:15–20:45",
    "команда": "АТ-13"
  },
  {
    "предмет": "Введение в инженерную деятельность",
    "тип занятия": "Практика",
    "день": "среда",
    "преподаватели": [
      "Бурмашева Наталья Владимировна"
    ],
    "Место и время": "Софьи Ковалевской, 5 / Т905 10:15–11:45",
    "команда": "АТ-14"
  },
  {
    "предмет": "Введение в инженерную деятельность",
    "тип занятия": "Практика",
    "день": "среда",
    "преподаватели": [
      "Бурмашева Наталья Владимировна"
    ],
    "Место и время": "Софьи Ковалевской, 5 / Т905 12:00–13:30",
    "команда": "АТ-15"
  },
  {
    "предмет": "Введение в инженерную деятельность",
    "тип занятия": "Практика",
    "день": "среда",
    "преподаватели": [
      "Рощева Татьяна Анатольевна"
    ],
    "Место и время": "Мира, 19 / М242 14:15–15:45",
    "команда": "АТ-16"
  },
  {
    "предмет": "Введение в инженерную деятельность",
    "тип занятия": "Практика",
    "день": "среда",
    "преподаватели": [
      "Рощева Татьяна Анатольевна"
    ],
    "Место и время": "Мира, 19 / М242 16:00–17:30",
    "команда": "АТ-17"
  },
  {
    "предмет": "Введение в инженерную деятельность",
    "тип занятия": "Практика",
    "день": "среда",
    "преподаватели": [
      "Рощева Татьяна Анатольевна"
    ],
    "Место и время": "Мира, 19 / М242 17:40–19:10",
    "команда": "АТ-18"
  },
  {
    "предмет": "Введение в инженерную деятельность",
    "тип занятия": "Практика",
    "день": "четверг",
    "преподаватели": [
      "Савина Елена Александровна"
    ],
    "Место и время": "Мира, 19 / М242 08:30–10:00",
    "команда": "АТ-19"
  },
  {
    "предмет": "Введение в инженерную деятельность",
    "тип занятия": "Практика",
    "день": "четверг",
    "преподаватели": [
      "Савина Елена Александровна"
    ],
    "Место и время": "Мира, 19 / М242 10:15–11:45",
    "команда": "АТ-20"
  },
  {
    "предмет": "Введение в инженерную деятельность",
    "тип занятия": "Практика",
    "день": "четверг",
    "преподаватели": [
      "Каримуллин Иван Сергеевич"
    ],
    "Место и время": "Мира, 19 / М242 16:00–17:30",
    "команда": "АТ-21"
  },
  {
    "предмет": "Введение в инженерную деятельность",
    "тип занятия": "Практика",
    "день": "четверг",
    "преподаватели": [
      "Каримуллин Иван Сергеевич"
    ],
    "Место и время": "Мира, 19 / М242 17:40–19:10",
    "команда": "АТ-22"
  },
  {
    "предмет": "Введение в инженерную деятельность",
    "тип занятия": "Практика",
    "день": "четверг",
    "преподаватели": [
      "Каримуллин Иван Сергеевич"
    ],
    "Место и время": "Мира, 19 / М242 19:15–20:45",
    "команда": "АТ-23"
  },
  {
    "предмет": "Введение в инженерную деятельность",
    "тип занятия": "Практика",
    "день": "пятница",
    "преподаватели": [
      "Скосарь Екатерина Олеговна"
    ],
    "Место и время": "Мира, 19 / М242 12:00–13:30",
    "команда": "АТ-24"
  },
  {
    "предмет": "Введение в инженерную деятельность",
    "тип занятия": "Практика",
    "день": "пятница",
    "преподаватели": [
      "Соколов Алексей Сергеевич"
    ],
    "Место и время": "Мира, 19 / М242 17:40–19:10",
    "команда": "АТ-27"
  },
  {
    "предмет": "Введение в инженерную деятельность",
    "тип занятия": "Практика",
    "день": "суббота",
    "преподаватели": [
      "Мироненко Александр Александрович"
    ],
    "Место и время": "Мира, 19 / М242 10:15–11:45",
    "команда": "АТ-30"
  },
  {
    "предмет": "Введение в инженерную деятельность",
    "тип занятия": "Практика",
    "день": "суббота",
    "преподаватели": [
      "Соколов Алексей Сергеевич"
    ],
    "Место и время": "Софьи Ковалевской, 5 / Т403 10:15–11:45",
    "команда": "АТ-28"
  },
  {
    "предмет": "Введение в инженерную деятельность",
    "тип занятия": "Практика",
    "день": "суббота",
    "преподаватели": [
      "Соколов Алексей Сергеевич"
    ],
    "Место и время": "Софьи Ковалевской, 5 / Т403 12:00–13:30",
    "команда": "АТ-29"
  },
  {
    "предмет": "Введение в инженерную деятельность",
    "тип занятия": "Практика",
    "день": "суббота",
    "преподаватели": [
      "Мироненко Александр Александрович"
    ],
    "Место и время": "Мира, 19 / М242 12:00–13:30",
    "команда": "АТ-31"
  }
]