[
  {
    "предмет": "Векторный анализ",
    "тип занятия": "Практика",
    "день": "понедельник",
    "преподаватели": [
      "Рыжкова Наталия Геннадьевна"
    ],
    "Место и время": "Мира, 17а / СП502 08:30–10:00",
    "команда": "АТ-10"
  },
  {
    "предмет": "Векторный анализ",
    "тип занятия": "Лекция",
    "день": "пятница",
    "преподаватели": [
      "Рыжкова Наталия Геннадьевна"
    ],
    "Место и время": "Софьи Ковалевской, 5 / Т216 08:30–10:00",
    "команда": "АТ-10"
  },
  {
    "предмет": "Векторный анализ",
    "тип занятия": "Практика",
    "день": "пятница",
    "преподаватели": [
      "Рыжкова Наталия Геннадьевна"
    ],
    "Место и время": "Мира, 21 / Ф406 10:15–11:45",
    "команда": "АТ-10"
  },
  {
    "предмет": "Векторный анализ",
    "тип занятия": "Лекция",
    "день": "понедельник",
    "преподаватели": [
      "Лавров Руслан Викторович",
      "Борич Михаил Александрович"
    ],
    "Место и время": "ГУК404(II) 10:15–11:45",
    "команда": "АТ-03"
  },
  {
    "предмет": "Векторный анализ",
    "тип занятия": "Практика",
    "день": "вторник",
    "преподаватели": [
      "Лавров Руслан Викторович",
      "Борич Михаил Александрович"
    ],
    "Место и время": "Софьи Ковалевской, 5 / Т808 10:15–11:45",
    "команда": "АТ-03"
  },
  {
    "предмет": "Векторный анализ",
    "тип занятия": "Практика",
    "день": "четверг",
    "преподаватели": [
      "Лавров Руслан Викторович",
      "Борич Михаил Александрович"
    ],
    "Место и время": "Мира, 32 / Р102 08:30–10:00",
    "команда": "АТ-03"
  },
  {
    "предмет": "Векторный анализ",
    "тип занятия": "Лекция",
    "день": "понедельник",
    "преподаватели": [
      "Борич Михаил Александрович"
    ],
    "Место и время": "Мира, 19 / ГУК404(II) 10:15–11:45",
    "команда": "АТ-01"
  },
  {
    "предмет": "Векторный анализ",
    "тип занятия": "Практика",
    "день": "понедельник",
    "преподаватели": [
      "Борич Михаил Александрович"
    ],
    "Место и время": "Мира, 17а / СП502 12:00–13:30",
    "команда": "АТ-01"
  },
  {
    "предмет": "Векторный анализ",
    "тип занятия": "Практика",
    "день": "понедельник",
    "преподаватели": [
      "Борич Михаил Александрович"
    ],
    "Место и время": "Мира, 17а / СП502 14:15–15:45",
    "команда": "АТ-01"
  },
  {
    "предмет": "Векторный анализ",
    "тип занятия": "Лекция",
    "день": "понедельник",
    "преподаватели": [
      "Лавров Руслан Викторович",
      "Борич Михаил Александрович"
    ],
    "Место и время": "ГУК404(II) 10:15–11:45",
    "команда": "АТ-02"
  },
  {
    "предмет": "Векторный анализ",
    "тип занятия": "Практика",
    "день": "вторник",
    "преподаватели": [
      "Лавров Руслан Викторович",
      "Борич Михаил Александрович"
    ],
    "Место и время": "Софьи Ковалевской, 5 / Т808 08:30–10:00",
    "команда": "АТ-02"
  },
  {
    "предмет": "Векторный анализ",
    "тип занятия": "Практика",
    "день": "четверг",
    "преподаватели": [
      "Лавров Руслан Викторович",
      "Борич Михаил Александрович"
    ],
    "Место и время": "Мира, 32 / Р102 10:15–11:45",
    "команда": "АТ-02"
  },
  {
    "предмет": "Векторный анализ",
    "тип занятия": "Практика",
    "день": "понедельник",
    "преподаватели": [
      "Рыжкова Наталия Геннадьевна"
    ],
    "Место и время": "Мира, 17а / СП502 10:15–11:45",
    "команда": "АТ-11"
  },
  {
    "предмет": "Векторный анализ",
    "тип занятия": "Лекция",
    "день": "пятница",
    "преподаватели": [
      "Рыжкова Наталия Геннадьевна"
    ],
    "Место и время": "Т216 08:30–10:00",
    "команда": "АТ-11"
  },
  {
    "предмет": "Векторный анализ",
    "тип занятия": "Практика",
    "день": "пятница",
    "преподаватели": [
      "Рыжкова Наталия Геннадьевна"
    ],
    "Место и время": "Мира, 21 / Ф406 12:00–13:30",
    "команда": "АТ-11"
  },
  {
    "предмет": "Векторный анализ",
    "тип занятия": "Практика",
    "день": "понедельник",
    "преподаватели": [
      "Кудряшова Ольга Валерьевна",
      "Кизилова Елена Вадимовна"
    ],
    "Место и время": "Мира, 32 / Р146 14:15–15:45",
    "команда": "АТ-15"
  },
  {
    "предмет": "Векторный анализ",
    "тип занятия": "Практика",
    "день": "понедельник",
    "преподаватели": [
      "Кудряшова Ольга Валерьевна",
      "Кизилова Елена Вадимовна"
    ],
    "Место и время": "Мира, 32 / Р146 16:00–17:30",
    "команда": "АТ-15"
  },
  {
    "предмет": "Векторный анализ",
    "тип занятия": "Лекция",
    "день": "пятница",
    "преподаватели": [
      "Кудряшова Ольга Валерьевна",
      "Кизилова Елена Вадимовна"
    ],
    "Место и время": "Т216 10:15–11:45",
    "команда": "АТ-15"
  },
  {
    "предмет": "Векторный анализ",
    "тип занятия": "Практика",
    "день": "понедельник",
    "преподаватели": [
      "Кудряшова Ольга Валерьевна",
      "Лавров Руслан Викторович"
    ],
    "Место и время": "Софьи Ковалевской, 5 / Т808 14:15–15:45",
    "команда": "АТ-07"
  },
  {
    "предмет": "Векторный анализ",
    "тип занятия": "Лекция",
    "день": "вторник",
    "преподаватели": [
      "Кудряшова Ольга Валерьевна",
      "Лавров Руслан Викторович"
    ],
    "Место и время": "Мира, 32 / Р339 08:30–10:00",
    "команда": "АТ-07"
  },
  {
    "предмет": "Векторный анализ",
    "тип занятия": "Практика",
    "день": "среда",
    "преподаватели": [
      "Кудряшова Ольга Валерьевна",
      "Лавров Руслан Викторович"
    ],
    "Место и время": "Софьи Ковалевской, 5 / Т808 16:00–17:30",
    "команда": "АТ-07"
  },
  {
    "предмет": "Векторный анализ",
    "тип занятия": "Практика",
    "день": "понедельник",
    "преподаватели": [
      "Кудряшова Ольга Валерьевна",
      "Лавров Руслан Викторович"
    ],
    "Место и время": "Софьи Ковалевской, 5 / Т808 16:00–17:30",
    "команда": "АТ-08"
  },
  {
    "предмет": "Векторный анализ",
    "тип занятия": "Лекция",
    "день": "вторник",
    "преподаватели": [
      "Кудряшова Ольга Валерьевна",
      "Лавров Руслан Викторович"
    ],
    "Место и время": "Р339 08:30–10:00",
    "команда": "АТ-08"
  },
  {
    "предмет": "Векторный анализ",
    "тип занятия": "Практика",
    "день": "среда",
    "преподаватели": [
      "Кудряшова Ольга Валерьевна",
      "Лавров Руслан Викторович"
    ],
    "Место и время": "Софьи Ковалевской, 5 / Т808 14:15–15:45",
    "команда": "АТ-08"
  },
  {
    "предмет": "Векторный анализ",
    "тип занятия": "Лекция",
    "день": "вторник",
    "преподаватели": [
      "Кудряшова Ольга Валерьевна",
      "Чернышов Лев Максимович"
    ],
    "Место и время": "Р339 08:30–10:00",
    "команда": "АТ-09"
  },
  {
    "предмет": "Векторный анализ",
    "тип занятия": "Практика",
    "день": "вторник",
    "преподаватели": [
      "Кудряшова Ольга Валерьевна",
      "Чернышов Лев Максимович"
    ],
    "Место и время": "Мира, 32 / Р243 10:15–11:45",
    "команда": "АТ-09"
  },
  {
    "предмет": "Векторный анализ",
    "тип занятия": "Практика",
    "день": "среда",
    "преподаватели": [
      "Кудряшова Ольга Валерьевна",
      "Чернышов Лев Максимович"
    ],
    "Место и время": "Мира, 32 / Р215 10:15–11:45",
    "команда": "АТ-09"
  },
  {
    "предмет": "Векторный анализ",
    "тип занятия": "Практика",
    "день": "вторник",
    "преподаватели": [
      "Рыжкова Наталия Геннадьевна",
      "Чернышов Лев Максимович"
    ],
    "Место и время": "Мира, 32 / Р243 08:30–10:00",
    "команда": "АТ-12"
  },
  {
    "предмет": "Векторный анализ",
    "тип занятия": "Практика",
    "день": "среда",
    "преподаватели": [
      "Рыжкова Наталия Геннадьевна",
      "Чернышов Лев Максимович"
    ],
    "Место и время": "Мира, 32 / Р143 12:00–13:30",
    "команда": "АТ-12"
  },
  {
    "предмет": "Векторный анализ",
    "тип занятия": "Лекция",
    "день": "пятница",
    "преподаватели": [
      "Рыжкова Наталия Геннадьевна",
      "Чернышов Лев Максимович"
    ],
    "Место и время": "Т216 08:30–10:00",
    "команда": "АТ-12"
  },
  {
    "предмет": "Векторный анализ",
    "тип занятия": "Практика",
    "день": "вторник",
    "преподаватели": [
      "Кизилова Елена Вадимовна"
    ],
    "Место и время": "Мира, 17а / СП502 08:30–10:00",
    "команда": "АТ-13"
  },
  {
    "предмет": "Векторный анализ",
    "тип занятия": "Лекция",
    "день": "пятница",
    "преподаватели": [
      "Кизилова Елена Вадимовна"
    ],
    "Место и время": "Софьи Ковалевской, 5 / Т216 10:15–11:45",
    "команда": "АТ-13"
  },
  {
    "предмет": "Векторный анализ",
    "тип занятия": "Практика",
    "день": "пятница",
    "преподаватели": [
      "Кизилова Елена Вадимовна"
    ],
    "Место и время": "Мира, 28 / МТ320 12:00–13:30",
    "команда": "АТ-13"
  },
  {
    "предмет": "Векторный анализ",
    "тип занятия": "Практика",
    "день": "вторник",
    "преподаватели": [
      "Кудряшова Ольга Валерьевна"
    ],
    "Место и время": "Мира, 32 / Р239 10:15–11:45",
    "команда": "АТ-16"
  },
  {
    "предмет": "Векторный анализ",
    "тип занятия": "Лекция",
    "день": "пятница",
    "преподаватели": [
      "Кудряшова Ольга Валерьевна"
    ],
    "Место и время": "Софьи Ковалевской, 5 / Т106 10:15–11:45",
    "команда": "АТ-16"
  },
  {
    "предмет": "Векторный анализ",
    "тип занятия": "Практика",
    "день": "пятница",
    "преподаватели": [
      "Кудряшова Ольга Валерьевна"
    ],
    "Место и время": "Софьи Ковалевской, 5 / Т808 12:00–13:30",
    "команда": "АТ-16"
  },
  {
    "предмет": "Векторный анализ",
    "тип занятия": "Практика",
    "день": "вторник",
    "преподаватели": [
      "Кизилова Елена Вадимовна"
    ],
    "Место и время": "Мира, 17а / СП502 10:15–11:45",
    "команда": "АТ-14"
  },
  {
    "предмет": "Векторный анализ",
    "тип занятия": "Лекция",
    "день": "пятница",
    "преподаватели": [
      "Кизилова Елена Вадимовна"
    ],
    "Место и время": "Т216 10:15–11:45",
    "команда": "АТ-14"
  },
  {
    "предмет": "Векторный анализ",
    "тип занятия": "Практика",
    "день": "пятница",
    "преподаватели": [
      "Кизилова Елена Вадимовна"
    ],
    "Место и время": "Мира, 28 / МТ320 14:15–15:45",
    "команда": "АТ-14"
  },
  {
    "предмет": "Векторный анализ",
    "тип занятия": "Лекция",
    "день": "вторник",
    "преподаватели": [
      "Кныш Алла Александровна",
      "Янковская Анастасия Викторовна"
    ],
    "Место и время": "Р325 14:15–15:45",
    "команда": "АТ-28"
  },
  {
    "предмет": "Векторный анализ",
    "тип занятия": "Практика",
    "день": "среда",
    "преподаватели": [
      "Кныш Алла Александровна",
      "Янковская Анастасия Викторовна"
    ],
    "Место и время": "Мира, 28 / МТ409 14:15–15:45",
    "команда": "АТ-28"
  },
  {
    "предмет": "Векторный анализ",
    "тип занятия": "Практика",
    "день": "среда",
    "преподаватели": [
      "Кныш Алла Александровна",
      "Янковская Анастасия Викторовна"
    ],
    "Место и время": "Мира, 28 / МТ409 16:00–17:30",
    "команда": "АТ-28"
  },
  {
    "предмет": "Векторный анализ",
    "тип занятия": "Лекция",
    "день": "вторник",
    "преподаватели": [
      "Кныш Алла Александровна"
    ],
    "Место и время": "Мира, 32 / Р325 14:15–15:45",
    "команда": "АТ-26"
  },
  {
    "предмет": "Векторный анализ",
    "тип занятия": "Практика",
    "день": "вторник",
    "преподаватели": [
      "Кныш Алла Александровна"
    ],
    "Место и время": "Мира, 32 / Р143 16:00–17:30",
    "команда": "АТ-26"
  },
  {
    "предмет": "Векторный анализ",
    "тип занятия": "Практика",
    "день": "четверг",
    "преподаватели": [
      "Кныш Алла Александровна"
    ],
    "Место и время": "Мира, 32 / Р203 14:15–15:45",
    "команда": "АТ-26"
  },
  {
    "предмет": "Векторный анализ",
    "тип занятия": "Лекция",
    "день": "вторник",
    "преподаватели": [
      "Кныш Алла Александровна",
      "Янковская Анастасия Викторовна"
    ],
    "Место и время": "Р325 14:15–15:45",
    "команда": "АТ-27"
  },
  {
    "предмет": "Векторный анализ",
    "тип занятия": "Практика",
    "день": "вторник",
    "преподаватели": [
      "Кныш Алла Александровна",
      "Янковская Анастасия Викторовна"
    ],
    "Место и время": "Мира, 32 / Р243 16:00–17:30",
    "команда": "АТ-27"
  },
  {
    "предмет": "Векторный анализ",
    "тип занятия": "Практика",
    "день": "вторник",
    "преподаватели": [
      "Кныш Алла Александровна",
      "Янковская Анастасия Викторовна"
    ],
    "Место и время": "Мира, 32 / Р243 17:40–19:10",
    "команда": "АТ-27"
  },
  {
    "предмет": "Векторный анализ",
    "тип занятия": "Лекция",
    "день": "вторник",
    "преподаватели": [
      "Кныш Алла Александровна",
      "Янковская Анастасия Викторовна"
    ],
    "Место и время": "Р325 14:15–15:45",
    "команда": "АТ-29"
  },
  {
    "предмет": "Векторный анализ",
    "тип занятия": "Практика",
    "день": "четверг",
    "преподаватели": [
      "Кныш Алла Александровна",
      "Янковская Анастасия Викторовна"
    ],
    "Место и время": "Мира, 32 / Р243 14:15–15:45",
    "команда": "АТ-29"
  },
  {
    "предмет": "Векторный анализ",
    "тип занятия": "Практика",
    "день": "четверг",
    "преподаватели": [
      "Кныш Алла Александровна",
      "Янковская Анастасия Викторовна"
    ],
    "Место и время": "Мира, 32 / Р243 16:00–17:30",
    "команда": "АТ-29"
  },
  {
    "предмет": "Векторный анализ",
    "тип занятия": "Лекция",
    "день": "среда",
    "преподаватели": [
      "Рыбалко Александр Федорович",
      "Герасимов Максим"
    ],
    "Место и время": "Мира, 19 / ГУК404(II) 10:15–11:45",
    "команда": "АТ-04"
  },
  {
    "предмет": "Векторный анализ",
    "тип занятия": "Практика",
    "день": "среда",
    "преподаватели": [
      "Рыбалко Александр Федорович",
      "Герасимов Максим"
    ],
    "Место и время": "Мира, 17а / СП501 12:00–13:30",
    "команда": "АТ-04"
  },
  {
    "предмет": "Векторный анализ",
    "тип занятия": "Практика",
    "день": "пятница",
    "преподаватели": [
      "Рыбалко Александр Федорович",
      "Герасимов Максим"
    ],
    "Место и время": "Мира, 32 / Р243 08:30–10:00",
    "команда": "АТ-04"
  },
  {
    "предмет": "Векторный анализ",
    "тип занятия": "Лекция",
    "день": "среда",
    "преподаватели": [
      "Белоусова Марина Михайловна",
      "Малыгина Кристина Денисовна"
    ],
    "Место и время": "Р325 10:15–11:45",
    "команда": "АТ-25"
  },
  {
    "предмет": "Векторный анализ",
    "тип занятия": "Практика",
    "день": "четверг",
    "преподаватели": [
      "Белоусова Марина Михайловна",
      "Малыгина Кристина Денисовна"
    ],
    "Место и время": "Мира, 32 / Р146 14:15–15:45",
    "команда": "АТ-25"
  },
  {
    "предмет": "Векторный анализ",
    "тип занятия": "Практика",
    "день": "пятница",
    "преподаватели": [
      "Белоусова Марина Михайловна",
      "Малыгина Кристина Денисовна"
    ],
    "Место и время": "Мира, 32 / Р243 16:00–17:30",
    "команда": "АТ-25"
  },
  {
    "предмет": "Векторный анализ",
    "тип занятия": "Лекция",
    "день": "среда",
    "преподаватели": [
      "Белоусова Марина Михайловна"
    ],
    "Место и время": "Мира, 32 / Р325 10:15–11:45",
    "команда": "АТ-22"
  },
  {
    "предмет": "Векторный анализ",
    "тип занятия": "Практика",
    "день": "среда",
    "преподаватели": [
      "Белоусова Марина Михайловна"
    ],
    "Место и время": "Мира, 32 / Р146 12:00–13:30",
    "команда": "АТ-22"
  },
  {
    "предмет": "Векторный анализ",
    "тип занятия": "Практика",
    "день": "четверг",
    "преподаватели": [
      "Белоусова Марина Михайловна"
    ],
    "Место и время": "Мира, 32 / Р237 10:15–11:45",
    "команда": "АТ-22"
  },
  {
    "предмет": "Векторный анализ",
    "тип занятия": "Лекция",
    "день": "среда",
    "преподаватели": [
      "Белоусова Марина Михайловна"
    ],
    "Место и время": "Р325 10:15–11:45",
    "команда": "АТ-23"
  },
  {
    "предмет": "Векторный анализ",
    "тип занятия": "Практика",
    "день": "среда",
    "преподаватели": [
      "Белоусова Марина Михайловна"
    ],
    "Место и время": "Мира, 32 / Р146 14:15–15:45",
    "команда": "АТ-23"
  },
  {
    "предмет": "Векторный анализ",
    "тип занятия": "Практика",
    "день": "четверг",
    "преподаватели": [
      "Белоусова Марина Михайловна"
    ],
    "Место и время": "Мира, 32 / Р237 08:30–10:00",
    "команда": "АТ-23"
  },
  {
    "предмет": "Векторный анализ",
    "тип занятия": "Лекция",
    "день": "среда",
    "преподаватели": [
      "Белоусова Марина Михайловна",
      "Малыгина Кристина Денисовна"
    ],
    "Место и время": "Р325 10:15–11:45",
    "команда": "АТ-24"
  },
  {
    "предмет": "Векторный анализ",
    "тип занятия": "Практика",
    "день": "четверг",
    "преподаватели": [
      "Белоусова Марина Михайловна",
      "Малыгина Кристина Денисовна"
    ],
    "Место и время": "Мира, 32 / Р146 16:00–17:30",
    "команда": "АТ-24"
  },
  {
    "предмет": "Векторный анализ",
    "тип занятия": "Практика",
    "день": "пятница",
    "преподаватели": [
      "Белоусова Марина Михайловна",
      "Малыгина Кристина Денисовна"
    ],
    "Место и время": "Мира, 32 / Р243 14:15–15:45",
    "команда": "АТ-24"
  },
  {
    "предмет": "Векторный анализ",
    "тип занятия": "Лекция",
    "день": "среда",
    "преподаватели": [
      "Рыбалко Александр Федорович",
      "Герасимов Максим"
    ],
    "Место и время": "ГУК404(II) 10:15–11:45",
    "команда": "АТ-06"
  },
  {
    "предмет": "Векторный анализ",
    "тип занятия": "Практика",
    "день": "четверг",
    "преподаватели": [
      "Рыбалко Александр Федорович",
      "Герасимов Максим"
    ],
    "Место и время": "Мира, 32 / Р239 08:30–10:00",
    "команда": "АТ-06"
  },
  {
    "предмет": "Векторный анализ",
    "тип занятия": "Практика",
    "день": "пятница",
    "преподаватели": [
      "Рыбалко Александр Федорович",
      "Герасимов Максим"
    ],
    "Место и время": "Мира, 32 / Р143 12:00–13:30",
    "команда": "АТ-06"
  },
  {
    "предмет": "Векторный анализ",
    "тип занятия": "Лекция",
    "день": "среда",
    "преподаватели": [
      "Рыбалко Александр Федорович",
      "Герасимов Максим"
    ],
    "Место и время": "ГУК404(II) 10:15–11:45",
    "команда": "АТ-05"
  },
  {
    "предмет": "Векторный анализ",
    "тип занятия": "Практика",
    "день": "среда",
    "преподаватели": [
      "Рыбалко Александр Федорович",
      "Герасимов Максим"
    ],
    "Место и время": "Мира, 17а / СП501 14:15–15:45",
    "команда": "АТ-05"
  },
  {
    "предмет": "Векторный анализ",
    "тип занятия": "Практика",
    "день": "пятница",
    "преподаватели": [
      "Рыбалко Александр Федорович",
      "Герасимов Максим"
    ],
    "Место и время": "Мира, 32 / Р243 10:15–11:45",
    "команда": "АТ-05"
  },
  {
    "предмет": "Векторный анализ",
    "тип занятия": "Лекция",
    "день": "среда",
    "преподаватели": [
      "Кизилова Елена Вадимовна",
      "Рыбалко Александр Федорович"
    ],
    "Место и время": "ГУК404(II) 12:00–13:30",
    "команда": "АТ-21"
  },
  {
    "предмет": "Векторный анализ",
    "тип занятия": "Практика",
    "день": "четверг",
    "преподаватели": [
      "Кизилова Елена Вадимовна",
      "Рыбалко Александр Федорович"
    ],
    "Место и время": "Мира, 32 / Р243 08:30–10:00",
    "команда": "АТ-21"
  },
  {
    "предмет": "Векторный анализ",
    "тип занятия": "Практика",
    "день": "четверг",
    "преподаватели": [
      "Кизилова Елена Вадимовна",
      "Рыбалко Александр Федорович"
    ],
    "Место и время": "Мира, 32 / Р243 10:15–11:45",
    "команда": "АТ-21"
  },
  {
    "предмет": "Векторный анализ",
    "тип занятия": "Лекция",
    "день": "среда",
    "преподаватели": [
      "Рыбалко Александр Федорович",
      "Чернышов Лев Максимович"
    ],
    "Место и время": "ГУК404(II) 12:00–13:30",
    "команда": "АТ-20"
  },
  {
    "предмет": "Векторный анализ",
    "тип занятия": "Практика",
    "день": "среда",
    "преподаватели": [
      "Рыбалко Александр Федорович",
      "Чернышов Лев Максимович"
    ],
    "Место и время": "Мира, 32 / Р243 14:15–15:45",
    "команда": "АТ-20"
  },
  {
    "предмет": "Векторный анализ",
    "тип занятия": "Практика",
    "день": "четверг",
    "преподаватели": [
      "Рыбалко Александр Федорович",
      "Чернышов Лев Максимович"
    ],
    "Место и время": "Софьи Ковалевской, 5 / Т808 16:00–17:30",
    "команда": "АТ-20"
  },
  {
    "предмет": "Векторный анализ",
    "тип занятия": "Лекция",
    "день": "среда",
    "преподаватели": [
      "Рыбалко Александр Федорович",
      "Герасимов Максим"
    ],
    "Место и время": "Мира, 19 / ГУК404(II) 12:00–13:30",
    "команда": "АТ-19"
  },
  {
    "предмет": "Векторный анализ",
    "тип занятия": "Практика",
    "день": "четверг",
    "преподаватели": [
      "Рыбалко Александр Федорович",
      "Герасимов Максим"
    ],
    "Место и время": "Мира, 32 / Р239 10:15–11:45",
    "команда": "АТ-19"
  },
  {
    "предмет": "Векторный анализ",
    "тип занятия": "Практика",
    "день": "пятница",
    "преподаватели": [
      "Рыбалко Александр Федорович",
      "Герасимов Максим"
    ],
    "Место и время": "Мира, 32 / Р143 14:15–15:45",
    "команда": "АТ-19"
  },
  {
    "предмет": "Векторный анализ",
    "тип занятия": "Практика",
    "день": "среда",
    "преподаватели": [
      "Кудряшова Ольга Валерьевна",
      "Чернышов Лев Максимович"
    ],
    "Место и время": "Мира, 32 / Р243 16:00–17:30",
    "команда": "АТ-18"
  },
  {
    "предмет": "Векторный анализ",
    "тип занятия": "Практика",
    "день": "четверг",
    "преподаватели": [
      "Кудряшова Ольга Валерьевна",
      "Чернышов Лев Максимович"
    ],
    "Место и время": "Софьи Ковалевской, 5 / Т808 14:15–15:45",
    "команда": "АТ-18"
  },
  {
    "предмет": "Векторный анализ",
    "тип занятия": "Лекция",
    "день": "пятница",
    "преподаватели": [
      "Кудряшова Ольга Валерьевна",
      "Чернышов Лев Максимович"
    ],
    "Место и время": "Т106 10:15–11:45",
    "команда": "АТ-18"
  },
  {
    "предмет": "Векторный анализ",
    "тип занятия": "Практика",
    "день": "четверг",
    "преподаватели": [
      "Кудряшова Ольга Валерьевна"
    ],
    "Место и время": "Мира, 32 / Р050 10:15–11:45",
    "команда": "АТ-17"
  },
  {
    "предмет": "Векторный анализ",
    "тип занятия": "Лекция",
    "день": "пятница",
    "преподаватели": [
      "Кудряшова Ольга Валерьевна"
    ],
    "Место и время": "Т106 10:15–11:45",
    "команда": "АТ-17"
  },
  {
    "предмет": "Векторный анализ",
    "тип занятия": "Практика",
    "день": "пятница",
    "преподаватели": [
      "Кудряшова Ольга Валерьевна"
    ],
    "Место и время": "Софьи Ковалевской, 5 / Т808 14:15–15:45",
    "команда": "АТ-17"
  }
]