[
  {
    "предмет": "Дополнительные главы математики",
    "тип занятия": "Лекция",
    "день": "понедельник",
    "преподаватели": [
      "Криковцева Татьяна Георгиевна",
      "Шапарь Юлия Викторовна"
    ],
    "Место и время": "Р325 10:15–11:45",
    "команда": "АТ-23"
  },
  {
    "предмет": "Дополнительные главы математики",
    "тип занятия": "Практика",
    "день": "четверг",
    "преподаватели": [
      "Криковцева Татьяна Георгиевна",
      "Шапарь Юлия Викторовна"
    ],
    "Место и время": "Мира, 32 / Р143 08:30–10:00",
    "команда": "АТ-23"
  },
  {
    "предмет": "Дополнительные главы математики",
    "тип занятия": "Лекция",
    "день": "понедельник",
    "преподаватели": [
      "Криковцева Татьяна Георгиевна",
      "Шапарь Юлия Викторовна"
    ],
    "Место и время": "Р325 10:15–11:45",
    "команда": "АТ-24"
  },
  {
    "предмет": "Дополнительные главы математики",
    "тип занятия": "Практика",
    "день": "четверг",
    "преподаватели": [
      "Криковцева Татьяна Георгиевна",
      "Шапарь Юлия Викторовна"
    ],
    "Место и время": "Мира, 32 / Р143 10:15–11:45",
    "команда": "АТ-24"
  },
  {
    "предмет": "Дополнительные главы математики",
    "тип занятия": "Лекция",
    "день": "понедельник",
    "преподаватели": [
      "Шапарь Юлия Викторовна"
    ],
    "Место и время": "Р325 10:15–11:45",
    "команда": "АТ-25"
  },
  {
    "предмет": "Дополнительные главы математики",
    "тип занятия": "Практика",
    "день": "пятница",
    "преподаватели": [
      "Шапарь Юлия Викторовна"
    ],
    "Место и время": "Мира, 32 / Р211 12:00–13:30",
    "команда": "АТ-25"
  },
  {
    "предмет": "Дополнительные главы математики",
    "тип занятия": "Лекция",
    "день": "понедельник",
    "преподаватели": [
      "Шапарь Юлия Викторовна"
    ],
    "Место и время": "Мира, 32 / Р325 10:15–11:45",
    "команда": "АТ-22"
  },
  {
    "предмет": "Дополнительные главы математики",
    "тип занятия": "Практика",
    "день": "понедельник",
    "преподаватели": [
      "Шапарь Юлия Викторовна"
    ],
    "Место и время": "Мира, 32 / Р146 12:00–13:30",
    "команда": "АТ-22"
  },
  {
    "предмет": "Дополнительные главы математики",
    "тип занятия": "Лекция",
    "день": "понедельник",
    "преподаватели": [
      "Шестакова Ирина Александровна"
    ],
    "Место и время": "Р339 12:00–13:30",
    "команда": "АТ-28"
  },
  {
    "предмет": "Дополнительные главы математики",
    "тип занятия": "Практика",
    "день": "вторник",
    "преподаватели": [
      "Шестакова Ирина Александровна"
    ],
    "Место и время": "Мира, 32 / Р050 16:00–17:30",
    "команда": "АТ-28"
  },
  {
    "предмет": "Дополнительные главы математики",
    "тип занятия": "Лекция",
    "день": "понедельник",
    "преподаватели": [
      "Шестакова Ирина Александровна"
    ],
    "Место и время": "Мира, 32 / Р339 12:00–13:30",
    "команда": "АТ-27"
  },
  {
    "предмет": "Дополнительные главы математики",
    "тип занятия": "Практика",
    "день": "вторник",
    "преподаватели": [
      "Шестакова Ирина Александровна"
    ],
    "Место и время": "Мира, 32 / Р050 14:15–15:45",
    "команда": "АТ-27"
  },
  {
    "предмет": "Дополнительные главы математики",
    "тип занятия": "Лекция",
    "день": "понедельник",
    "преподаватели": [
      "Шестакова Ирина Александровна"
    ],
    "Место и время": "Р339 12:00–13:30",
    "команда": "АТ-26"
  },
  {
    "предмет": "Дополнительные главы математики",
    "тип занятия": "Практика",
    "день": "понедельник",
    "преподаватели": [
      "Шестакова Ирина Александровна"
    ],
    "Место и время": "Мира, 32 / Р143 14:15–15:45",
    "команда": "АТ-26"
  },
  {
    "предмет": "Дополнительные главы математики",
    "тип занятия": "Лекция",
    "день": "понедельник",
    "преподаватели": [
      "Шестакова Ирина Александровна"
    ],
    "Место и время": "Р339 12:00–13:30",
    "команда": "АТ-29"
  },
  {
    "предмет": "Дополнительные главы математики",
    "тип занятия": "Практика",
    "день": "четверг",
    "преподаватели": [
      "Шестакова Ирина Александровна"
    ],
    "Место и время": "Мира, 32 / Р215 16:00–17:30",
    "команда": "АТ-29"
  },
  {
    "предмет": "Дополнительные главы математики",
    "тип занятия": "Лекция",
    "день": "вторник",
    "преподаватели": [
      "Агафонов Александр Петрович"
    ],
    "Место и время": "СП501 14:15–15:45",
    "команда": "АТ-17"
  },
  {
    "предмет": "Дополнительные главы математики",
    "тип занятия": "Практика",
    "день": "четверг",
    "преподаватели": [
      "Агафонов Александр Петрович"
    ],
    "Место и время": "Мира, 17а / СП501 14:15–15:45",
    "команда": "АТ-17"
  },
  {
    "предмет": "Дополнительные главы математики",
    "тип занятия": "Лекция",
    "день": "вторник",
    "преподаватели": [
      "Заикина Александра Юрьевна",
      "Лобашева Нина Анатольевна"
    ],
    "Место и время": "ГУК404(II) 14:15–15:45",
    "команда": "АТ-14"
  },
  {
    "предмет": "Дополнительные главы математики",
    "тип занятия": "Практика",
    "день": "среда",
    "преподаватели": [
      "Заикина Александра Юрьевна",
      "Лобашева Нина Анатольевна"
    ],
    "Место и время": "Мира, 32 / Р239 10:15–11:45",
    "команда": "АТ-14"
  },
  {
    "предмет": "Дополнительные главы математики",
    "тип занятия": "Лекция",
    "день": "вторник",
    "преподаватели": [
      "Лобашева Нина Анатольевна"
    ],
    "Место и время": "Мира, 19 / ГУК404(II) 14:15–15:45",
    "команда": "АТ-12"
  },
  {
    "предмет": "Дополнительные главы математики",
    "тип занятия": "Практика",
    "день": "вторник",
    "преподаватели": [
      "Лобашева Нина Анатольевна"
    ],
    "Место и время": "Мира, 32 / Р325 16:00–17:30",
    "команда": "АТ-12"
  },
  {
    "предмет": "Дополнительные главы математики",
    "тип занятия": "Лекция",
    "день": "вторник",
    "преподаватели": [
      "Агафонов Александр Петрович"
    ],
    "Место и время": "Мира, 17а / СП501 14:15–15:45",
    "команда": "АТ-16"
  },
  {
    "предмет": "Дополнительные главы математики",
    "тип занятия": "Практика",
    "день": "вторник",
    "преподаватели": [
      "Агафонов Александр Петрович"
    ],
    "Место и время": "Мира, 17а / СП501 16:00–17:30",
    "команда": "АТ-16"
  },
  {
    "предмет": "Дополнительные главы математики",
    "тип занятия": "Лекция",
    "день": "вторник",
    "преподаватели": [
      "Заикина Александра Юрьевна",
      "Лобашева Нина Анатольевна"
    ],
    "Место и время": "ГУК404(II) 14:15–15:45",
    "команда": "АТ-15"
  },
  {
    "предмет": "Дополнительные главы математики",
    "тип занятия": "Практика",
    "день": "среда",
    "преподаватели": [
      "Заикина Александра Юрьевна",
      "Лобашева Нина Анатольевна"
    ],
    "Место и время": "Мира, 32 / Р239 12:00–13:30",
    "команда": "АТ-15"
  },
  {
    "предмет": "Дополнительные главы математики",
    "тип занятия": "Лекция",
    "день": "вторник",
    "преподаватели": [
      "Галина Екатерина Маратовна",
      "Лобашева Нина Анатольевна"
    ],
    "Место и время": "ГУК404(II) 14:15–15:45",
    "команда": "АТ-13"
  },
  {
    "предмет": "Дополнительные главы математики",
    "тип занятия": "Практика",
    "день": "среда",
    "преподаватели": [
      "Галина Екатерина Маратовна",
      "Лобашева Нина Анатольевна"
    ],
    "Место и время": "Мира, 32 / Р102 10:15–11:45",
    "команда": "АТ-13"
  },
  {
    "предмет": "Дополнительные главы математики",
    "тип занятия": "Лекция",
    "день": "среда",
    "преподаватели": [
      "Заикина Александра Юрьевна",
      "Хребтова Оксана Константиновна"
    ],
    "Место и время": "Р339 10:15–11:45",
    "команда": "АТ-08"
  },
  {
    "предмет": "Дополнительные главы математики",
    "тип занятия": "Практика",
    "день": "пятница",
    "преподаватели": [
      "Заикина Александра Юрьевна",
      "Хребтова Оксана Константиновна"
    ],
    "Место и время": "Мира, 32 / Р146 10:15–11:45",
    "команда": "АТ-08"
  },
  {
    "предмет": "Дополнительные главы математики",
    "тип занятия": "Лекция",
    "день": "среда",
    "преподаватели": [
      "Хребтова Оксана Константиновна"
    ],
    "Место и время": "Мира, 32 / Р339 10:15–11:45",
    "команда": "АТ-05"
  },
  {
    "предмет": "Дополнительные главы математики",
    "тип занятия": "Практика",
    "день": "среда",
    "преподаватели": [
      "Хребтова Оксана Константиновна"
    ],
    "Место и время": "Мира, 17а / СП502 12:00–13:30",
    "команда": "АТ-05"
  },
  {
    "предмет": "Дополнительные главы математики",
    "тип занятия": "Лекция",
    "день": "среда",
    "преподаватели": [
      "Хребтова Оксана Константиновна"
    ],
    "Место и время": "Р339 10:15–11:45",
    "команда": "АТ-06"
  },
  {
    "предмет": "Дополнительные главы математики",
    "тип занятия": "Практика",
    "день": "среда",
    "преподаватели": [
      "Хребтова Оксана Константиновна"
    ],
    "Место и время": "Мира, 17а / СП502 14:15–15:45",
    "команда": "АТ-06"
  },
  {
    "предмет": "Дополнительные главы математики",
    "тип занятия": "Лекция",
    "день": "среда",
    "преподаватели": [
      "Заикина Александра Юрьевна",
      "Хребтова Оксана Константиновна"
    ],
    "Место и время": "Р339 10:15–11:45",
    "команда": "АТ-07"
  },
  {
    "предмет": "Дополнительные главы математики",
    "тип занятия": "Практика",
    "день": "пятница",
    "преподаватели": [
      "Заикина Александра Юрьевна",
      "Хребтова Оксана Константиновна"
    ],
    "Место и время": "Мира, 32 / Р146 08:30–10:00",
    "команда": "АТ-07"
  },
  {
    "предмет": "Дополнительные главы математики",
    "тип занятия": "Практика",
    "день": "четверг",
    "преподаватели": [
      "Чащина Вера Геннадиевна"
    ],
    "Место и время": "Мира, 32 / Р146 08:30–10:00",
    "команда": "АТ-03"
  },
  {
    "предмет": "Дополнительные главы математики",
    "тип занятия": "Лекция",
    "день": "пятница",
    "преподаватели": [
      "Чащина Вера Геннадиевна"
    ],
    "Место и время": "Т216 12:00–13:30",
    "команда": "АТ-03"
  },
  {
    "предмет": "Дополнительные главы математики",
    "тип занятия": "Практика",
    "день": "четверг",
    "преподаватели": [
      "Чащина Вера Геннадиевна"
    ],
    "Место и время": "Мира, 32 / Р146 10:15–11:45",
    "команда": "АТ-04"
  },
  {
    "предмет": "Дополнительные главы математики",
    "тип занятия": "Лекция",
    "день": "пятница",
    "преподаватели": [
      "Чащина Вера Геннадиевна"
    ],
    "Место и время": "Т216 12:00–13:30",
    "команда": "АТ-04"
  },
  {
    "предмет": "Дополнительные главы математики",
    "тип занятия": "Лекция",
    "день": "четверг",
    "преподаватели": [
      "Хребтова Оксана Константиновна"
    ],
    "Место и время": "Т106 14:15–15:45",
    "команда": "АТ-10"
  },
  {
    "предмет": "Дополнительные главы математики",
    "тип занятия": "Практика",
    "день": "пятница",
    "преподаватели": [
      "Хребтова Оксана Константиновна"
    ],
    "Место и время": "Мира, 17а / СП502 10:15–11:45",
    "команда": "АТ-10"
  },
  {
    "предмет": "Дополнительные главы математики",
    "тип занятия": "Лекция",
    "день": "четверг",
    "преподаватели": [
      "Хребтова Оксана Константиновна"
    ],
    "Место и время": "Т106 14:15–15:45",
    "команда": "АТ-11"
  },
  {
    "предмет": "Дополнительные главы математики",
    "тип занятия": "Практика",
    "день": "пятница",
    "преподаватели": [
      "Хребтова Оксана Константиновна"
    ],
    "Место и время": "Мира, 17а / СП502 12:00–13:30",
    "команда": "АТ-11"
  },
  {
    "предмет": "Дополнительные главы математики",
    "тип занятия": "Лекция",
    "день": "четверг",
    "преподаватели": [
      "Галина Екатерина Маратовна",
      "Хребтова Оксана Константиновна"
    ],
    "Место и время": "Софьи Ковалевской, 5 / Т106 14:15–15:45",
    "команда": "АТ-09"
  },
  {
    "предмет": "Дополнительные главы математики",
    "тип занятия": "Практика",
    "день": "пятница",
    "преподаватели": [
      "Галина Екатерина Маратовна",
      "Хребтова Оксана Константиновна"
    ],
    "Место и время": "Мира, 17а / СП502 14:15–15:45",
    "команда": "АТ-09"
  },
  {
    "предмет": "Дополнительные главы математики",
    "тип занятия": "Практика",
    "день": "четверг",
    "преподаватели": [
      "Агафонов Александр Петрович",
      "Лобашева Нина Анатольевна"
    ],
    "Место и время": "Мира, 17а / СП501 16:00–17:30",
    "команда": "АТ-20"
  },
  {
    "предмет": "Дополнительные главы математики",
    "тип занятия": "Лекция",
    "день": "пятница",
    "преподаватели": [
      "Агафонов Александр Петрович",
      "Лобашева Нина Анатольевна"
    ],
    "Место и время": "Т106 08:30–10:00",
    "команда": "АТ-20"
  },
  {
    "предмет": "Дополнительные главы математики",
    "тип занятия": "Практика",
    "день": "четверг",
    "преподаватели": [
      "Агафонов Александр Петрович",
      "Лобашева Нина Анатольевна"
    ],
    "Место и время": "Мира, 17а / СП501 17:40–19:10",
    "команда": "АТ-21"
  },
  {
    "предмет": "Дополнительные главы математики",
    "тип занятия": "Лекция",
    "день": "пятница",
    "преподаватели": [
      "Агафонов Александр Петрович",
      "Лобашева Нина Анатольевна"
    ],
    "Место и время": "Т106 08:30–10:00",
    "команда": "АТ-21"
  },
  {
    "предмет": "Дополнительные главы математики",
    "тип занятия": "Лекция",
    "день": "пятница",
    "преподаватели": [
      "Лобашева Нина Анатольевна"
    ],
    "Место и время": "Софьи Ковалевской, 5 / Т106 08:30–10:00",
    "команда": "АТ-18"
  },
  {
    "предмет": "Дополнительные главы математики",
    "тип занятия": "Практика",
    "день": "пятница",
    "преподаватели": [
      "Лобашева Нина Анатольевна"
    ],
    "Место и время": "Мира, 28 / МТ204 10:15–11:45",
    "команда": "АТ-18"
  },
  {
    "предмет": "Дополнительные главы математики",
    "тип занятия": "Лекция",
    "день": "пятница",
    "преподаватели": [
      "Лобашева Нина Анатольевна"
    ],
    "Место и время": "Т106 08:30–10:00",
    "команда": "АТ-19"
  },
  {
    "предмет": "Дополнительные главы математики",
    "тип занятия": "Практика",
    "день": "пятница",
    "преподаватели": [
      "Лобашева Нина Анатольевна"
    ],
    "Место и время": "Мира, 28 / МТ204 12:00–13:30",
    "команда": "АТ-19"
  },
  {
    "предмет": "Дополнительные главы математики",
    "тип занятия": "Лекция",
    "день": "пятница",
    "преподаватели": [
      "Чащина Вера Геннадиевна"
    ],
    "Место и время": "Софьи Ковалевской, 5 / Т216 12:00–13:30",
    "команда": "АТ-01"
  },
  {
    "предмет": "Дополнительные главы математики",
    "тип занятия": "Практика",
    "день": "пятница",
    "преподаватели": [
      "Чащина Вера Геннадиевна"
    ],
    "Место и время": "Мира, 17а / СП501 14:15–15:45",
    "команда": "АТ-01"
  },
  {
    "предмет": "Дополнительные главы математики",
    "тип занятия": "Лекция",
    "день": "пятница",
    "преподаватели": [
      "Чащина Вера Геннадиевна"
    ],
    "Место и время": "Т216 12:00–13:30",
    "команда": "АТ-02"
  },
  {
    "предмет": "Дополнительные главы математики",
    "тип занятия": "Практика",
    "день": "пятница",
    "преподаватели": [
      "Чащина Вера Геннадиевна"
    ],
    "Место и время": "Мира, 17а / СП501 16:00–17:30",
    "команда": "АТ-02"
  }
]