[
  {
    "предмет": "Сбор и верификация данных",
    "тип занятия": "Практика",
    "день": "понедельник",
    "преподаватели": [
      "Мартынов Дмитрий Александрович"
    ],
    "Место и время": "Мира, 32 / Р135 12:00–13:30",
    "команда": "АТ-01"
  },
  {
    "предмет": "Сбор и верификация данных",
    "тип занятия": "Практика",
    "день": "понедельник",
    "преподаватели": [
      "Мартынов Дмитрий Александрович"
    ],
    "Место и время": "Мира, 32 / Р135 14:15–15:45",
    "команда": "АТ-02"
  },
  {
    "предмет": "Сбор и верификация данных",
    "тип занятия": "Практика",
    "день": "вторник",
    "преподаватели": [
      "Мартынов Дмитрий Александрович"
    ],
    "Место и время": "Мира, 32 / Р137 10:15–11:45",
    "команда": "АТ-03"
  },
  {
    "предмет": "Сбор и верификация данных",
    "тип занятия": "Практика",
    "день": "вторник",
    "преподаватели": [
      "Мартынов Дмитрий Александрович"
    ],
    "Место и время": "Мира, 32 / Р135 14:15–15:45",
    "команда": "АТ-04"
  },
  {
    "предмет": "Сбор и верификация данных",
    "тип занятия": "Практика",
    "день": "среда",
    "преподаватели": [
      "Мартынов Дмитрий Александрович"
    ],
    "Место и время": "Мира, 32 / Р135 16:00–17:30",
    "команда": "АТ-05"
  },
  {
    "предмет": "Сбор и верификация данных",
    "тип занятия": "Практика",
    "день": "четверг",
    "преподаватели": [
      "Мартынов Дмитрий Александрович"
    ],
    "Место и время": "Мира, 32 / Р137 08:30–10:00",
    "команда": "АТ-06"
  },
  {
    "предмет": "Сбор и верификация данных",
    "тип занятия": "Практика",
    "день": "четверг",
    "преподаватели": [
      "Мартынов Дмитрий Александрович"
    ],
    "Место и время": "Мира, 32 / Р137 10:15–11:45",
    "команда": "АТ-07"
  },
  {
    "предмет": "Сбор и верификация данных",
    "тип занятия": "Практика",
    "день": "четверг",
    "преподаватели": [
      "Мартынов Дмитрий Александрович"
    ],
    "Место и время": "Мира, 32 / Р135 14:15–15:45",
    "команда": "АТ-08"
  },
  {
    "предмет": "Сбор и верификация данных",
    "тип занятия": "Практика",
    "день": "пятница",
    "преподаватели": [
      "Мартынов Дмитрий Александрович"
    ],
    "Место и время": "Мира, 32 / Р137 14:15–15:45",
    "команда": "АТ-09"
  }
]